1,France,Armentières,Talisman,13
2,France,IvrysurSeine,Grim,22
3,France,Vannes,Kedzie,18
4,France,Rouen,Karstens,22
5,United States,Pittsburgh,Orin,5
6,France,Paris 07,Muir,37
7,Russia,Gryazovets,Bartillon,13
8,Canada,SaintRémi,Delladonna,25
9,Russia,Kholbon,Sherman,34
10,Russia,Rakhmanovo,Corben,13
11,United States,Detroit,Gateway,12
12,France,Castres,Buell,39
13,Brazil,Nortelândia,Anniversary,14
14,Japan,Yasugichō,Tony,20
15,Russia,Chamlykskaya,Blackbird,6
16,Sweden,Lycksele,Waubesa,29
17,Russia,Lakha Nëvre,Colorado,27
18,Russia,Mendeleyevo,Atwood,13
19,Brazil,Araçatuba,Waubesa,38
20,Japan,Iida,Riverside,14
21,Japan,Shimokizukuri,Oneill,29
22,Japan,Shiogama,Evergreen,9
23,Russia,Kizema,Heffernan,24
24,Russia,Bolgar,Heffernan,1
25,France,Paris 09,Bartelt,20
26,Brazil,Paranavaí,Coleman,13
27,Russia,Novorossiysk,Rigney,3
28,Japan,Kokubumatsuki,Manley,4
29,Brazil,Satuba,Hanover,19
30,Japan,Mombetsu,Loeprich,40
31,France,Lyon,Hanover,4
32,United States,Peoria,Continental,5
33,United States,Orange,Fulton,12
34,United Kingdom,Brampton,Spenser,19
35,Japan,Mikuni,5th,2
36,Russia,Kuznechikha,Lotheville,34
37,Slovenia,Hodoš,Portage,2
38,Czech Republic,Blažovice,Twin Pines,14
39,Russia,L’govskiy,Hazelcrest,1
40,France,Lunéville,Northfield,26
41,Ukraine,Verkhnya Rozhanka,Fairview,6
42,United States,Kansas City,Mccormick,37
43,Brazil,Alegre,Talisman,8
44,Russia,Novozavedennoye,Maple,36
45,Sweden,Eksjö,Blackbird,11
46,Slovenia,Lenart v Slov. Goricah,Oxford,6
47,Czech Republic,Černilov,Garrison,18
48,Russia,Rybinsk,Corscot,7
49,Ukraine,Novovorontsovka,Muir,13
50,Japan,Hamada,Haas,21
51,Brazil,Itabaiana,Barby,29
52,France,Paris 01,Golf,18
53,Ukraine,Lysyanka,Thierer,22
54,Japan,Usuki,Eastwood,8
55,Russia,Muslyumovo,Sundown,38
56,Ukraine,Vyshhorod,Park Meadow,20
57,Brazil,Caçapava do Sul,Northwestern,28
58,Russia,Murygino,Gerald,8
59,Brazil,Rancharia,Stone Corner,12
60,Russia,Skuratovskiy,Crescent Oaks,29
61,Ukraine,Skelivka,Debs,35
62,United States,Tampa,Del Mar,28
63,France,Colmar,8th,4
64,Russia,Temirgoyevskaya,Macpherson,1
65,Canada,Lacombe,Farwell,30
66,Russia,Sol’tsy,Gerald,10
67,Sweden,MunkaLjungby,Spenser,22
68,Hong Kong,Tai Po,Cottonwood,13
69,Russia,Ust’Dzheguta,School,15
70,Norway,Moss,Dryden,22
71,Russia,Pregradnoye,Eggendart,25
72,Sweden,Täby,1st,16
73,Czech Republic,Klobuky,Shasta,17
74,Ukraine,Kostryzhivka,Heath,6
75,Japan,Yorii,Scofield,12
76,Russia,Ivanteyevka,Stephen,12
77,France,Périgueux,Green,3
78,France,Mâcon,Pawling,24
79,Sweden,Örebro,Sommers,28
80,Canada,SainteThérèse,Ohio,6
81,Brazil,Extremoz,Sugar,15
82,Russia,Susuman,Reinke,14
83,Sweden,Eskilstuna,Buena Vista,17
84,France,Orsay,Straubel,15
85,United States,Anniston,Meadow Vale,38
86,France,AixenProvence,Talmadge,26
87,Norway,Molde,Elgar,3
88,Russia,Pospelikha,Daystar,15
89,Sweden,Sollefteå,Magdeline,26
90,Brazil,Vinhedo,Lindbergh,13
91,Sweden,Borlänge,Maywood,14
92,Russia,Tekstil’shchiki,Packers,12
93,Brazil,Nova Iguaçu,Pennsylvania,23
94,Russia,Zverevo,Pleasure,31
95,United States,Grand Forks,Manley,37
96,Canada,Parrsboro,Buell,24
97,Japan,Ōzu,Cordelia,10
98,Germany,Cottbus,Brown,7
99,Russia,Chernyakhovsk,Dovetail,5
100,Sweden,Huddinge,Portage,26
101,France,Strasbourg,Dawn,39
102,Brazil,Tefé,Charing Cross,31
103,Russia,Vatutino,Myrtle,17
104,Brazil,Igarapé Açu,Arrowood,10
105,Canada,Mirabel,Mcguire,15
106,Sweden,Gävle,Dovetail,38
107,Russia,Dno,Portage,26
108,Russia,Chita,Oriole,21
109,Russia,Novyy Urgal,Anderson,24
110,Russia,Svetogorsk,Sunnyside,36
111,Russia,Zlatoust,Hallows,33
112,Brazil,Japeri,Westridge,36
113,Brazil,Gameleira,Michigan,39
114,Japan,Zama,Service,32
115,United States,Greensboro,Bay,37
116,France,Nemours,Dapin,4
117,United Kingdom,Milton,Golf View,9
118,Russia,Kubanskiy,Badeau,26
119,United States,Memphis,Tennyson,4
120,Sweden,Järfälla,Ronald Regan,13
121,Russia,Poddor’ye,Tony,2
122,Brazil,Aimorés,Meadow Valley,18
123,Brazil,Cubatão,Pankratz,4
124,Slovenia,Bovec,Charing Cross,25
125,Japan,Hiji,Center,7
126,Ukraine,Chervonoarmiys’k,Maywood,22
127,Japan,Hachinohe,Stoughton,29
128,Brazil,Pomerode,Kingsford,18
129,Sweden,Torsby,Glacier Hill,20
130,Russia,Seredka,Cordelia,17
131,Czech Republic,Nezamyslice,Vermont,35
132,Russia,Velikovechnoye,Fair Oaks,23
133,Brazil,Guanhães,Kenwood,9
134,Japan,Yūki,Farragut,17
135,Russia,Goyty,Sunnyside,13
136,United States,Fort Worth,Kim,26
137,Brazil,Sapucaia,Cody,22
138,Russia,Zelenograd,Killdeer,38
139,Japan,Kishiwada,Dottie,31
140,Canada,Thorold,Stoughton,37
141,Brazil,Iracemápolis,Packers,14
142,France,Paris 11,Starling,23
143,Brazil,Passo Fundo,Stuart,30
144,United States,Rochester,Sullivan,21
145,United States,North Little Rock,Summer Ridge,38
146,United States,Santa Ana,Carberry,39
147,Sweden,Svalöv,Clemons,16
148,Russia,Glyadyanskoye,Lake View,28
149,Czech Republic,Kout na Šumavě,Hoepker,16
150,Japan,Hamakita,Clyde Gallagher,17
151,Russia,Novobeysugskaya,Old Gate,21
152,Sweden,Smedjebacken,Browning,36
153,Russia,Ol’ginskaya,Spaight,27
154,Brazil,Parelhas,Utah,9
155,Ukraine,Dashev,Warner,17
156,Brazil,Coxim,La Follette,5
157,Russia,Kupchino,Bultman,17
158,Japan,Hirara,Grover,16
159,Italy,Laspezia,Oneill,30
160,Russia,Vysokogornyy,Pawling,7
161,Sweden,Västerås,Dennis,26
162,United Kingdom,Dean,Kennedy,17
163,Sweden,Umeå,Eliot,12
164,Russia,KomsomolskonAmur,John Wall,5
165,Sweden,Stockholm,Larry,6
166,Russia,Pereleshino,Hoard,3
167,Russia,Karpushikha,Swallow,27
168,France,La Rochelle,Heath,15
169,France,Châteaurenard,Bartelt,6
170,Brazil,Tramandaí,Caliangt,38
171,Russia,Baklashi,Hollow Ridge,15
172,Russia,Zlatoust,Debra,13
173,Russia,Zheleznodorozhnyy,Anniversary,27
174,Ukraine,Syevyerodonets’k,6th,20
175,Brazil,Caeté,Erie,24
176,Russia,Novorossiysk,Reindahl,32
177,Ukraine,Volochys’k,Kingsford,35
178,Sweden,Jönköping,Forest,20
179,Norway,Drammen,Westend,31
180,Canada,Pemberton,Monument,3
181,France,Cavaillon,Hudson,29
182,Norway,Oslo,Killdeer,9
183,France,Vittel,Waywood,35
184,Brazil,Ubatã,1st,14
185,France,Paris La Défense,Independence,27
186,Russia,Monastyrishche,Charing Cross,13
187,Japan,Mooka,Dunning,19
188,Japan,Kasugai,Helena,15
189,United States,Brooklyn,Anthes,14
190,Russia,Selishche,Garrison,35
191,Russia,Sovetskoye,Susan,34
192,Czech Republic,Vacenovice,Golden Leaf,36
193,Ukraine,Krasnoarmiys’k,Washington,24
194,Russia,Vel’sk,Prairieview,13
195,Japan,Kakuda,Delladonna,17
196,Ukraine,Chapayeve,Browning,35
197,Canada,Hope,Prairieview,25
198,Russia,Myshkin,Trailsway,39
199,Sweden,Spånga,Dakota,31
200,Sweden,Täby,Veith,27
201,Czech Republic,Všetaty,Almo,2
202,France,Rodez,Lyons,10
203,Germany,Frankfurt am Main,Sunbrook,37
204,Canada,Metchosin,Steensland,15
205,Russia,Marfino,Pepper Wood,31
206,Russia,Vistino,Porter,4
207,France,Flers,Garrison,20
208,Japan,Owase,Prairieview,39
209,France,Locminé,Oak,11
210,Russia,Georgiyevsk,Lakeland,37
211,Canada,Saguenay,Nelson,8
212,France,SaintLaurentBlangy,Sheridan,12
213,United States,Tallahassee,Riverside,10
214,Norway,Kristiansund N,Heffernan,21
215,Russia,Krasnaya Polyana,Corben,38
216,Brazil,Oros,Grover,2
217,Russia,Lazo,Charing Cross,28
218,Sweden,Falun,Glacier Hill,17
219,Canada,Princeville,Cordelia,38
220,Russia,Opochka,Golf,28
221,Russia,Osa,Hansons,5
222,Russia,Prosvet,Grim,25
223,Russia,Shalazhi,Clyde Gallagher,15
224,Sweden,Rimbo,Mccormick,32
225,Brazil,Entre Rios,Fremont,13
226,Ukraine,Kolodenka,Forest,33
227,Czech Republic,Hošťka,North,27
228,Brazil,Nova Iguaçu,Sage,28
229,France,LonsleSaunier,Melvin,15
230,United States,Honolulu,Surrey,32
231,Sweden,Uppsala,Di Loreto,8
232,United States,Amarillo,Union,39
233,Brazil,Sinop,Tennessee,7
234,Ukraine,Barvinkove,Mendota,23
235,Russia,Pindushi,Pleasure,22
236,Czech Republic,Březová,Heffernan,27
237,Czech Republic,Dřiteň,North,19
238,Russia,Ust’Katav,Canary,38
239,United States,Nashville,Ridge Oak,24
240,Germany,Braunschweig,Golf Course,25
241,Japan,Maki,Portage,18
242,Russia,Zelenodolsk,Surrey,2
243,Russia,Ufa,Bunting,37
244,Brazil,Timbiras,Homewood,1
245,Germany,Wiesbaden,Transport,32
246,Ukraine,Mikulintsy,Sherman,12
247,United States,Greensboro,Stang,33
248,Russia,Pokhvistnevo,Grim,18
249,Czech Republic,Stará Ves nad Ondřejnicí,Cody,28
250,Russia,Novyy Nekouz,Algoma,30
251,France,Laxou,Towne,14
252,Russia,GornoAltaysk,Lawn,17
253,Canada,Napierville,Ludington,13
254,France,Reims,Everett,27
255,Russia,Novotroitsk,Pawling,9
256,France,CosneCourssurLoire,Sage,25
257,Canada,Windsor,Garrison,18
258,Brazil,Rio Claro,Jay,39
259,Russia,Dzerzhinskiy,Bluestem,37
260,Russia,Boguchar,Grim,16
261,Brazil,Ipaba,Cambridge,11
262,Canada,Fox Creek,Green Ridge,32
263,United States,Spring,Old Gate,20
264,Sweden,Robertsfors,Roxbury,6
265,Russia,Divnoye,Mandrake,32
266,Russia,Ubinskoye,Eastwood,1
267,Japan,Toyoshina,Schurz,31
268,Russia,Khvalynsk,Kipling,18
269,Ukraine,Smyga,Springs,17
270,Japan,Yamagatashi,Golden Leaf,21
271,Brazil,Piritiba,Moland,19
272,Ukraine,Obukhiv,Dwight,24
273,Canada,Devon,Nova,40
274,Russia,Sakharovo,Cottonwood,27
275,France,Marseille,Manley,33
276,Brazil,Penalva,Ridge Oak,3
277,Brazil,Parnamirim,Orin,7
278,Sweden,Tierp,Larry,33
279,Ukraine,Kryva Hora,Anniversary,30
280,Norway,Skien,Reindahl,5
281,Brazil,Pato Branco,Spaight,9
282,United States,New York City,Scoville,2
283,Slovenia,Lucija,Cambridge,29
284,Sweden,Skoghall,Kings,34
285,Ukraine,Korop,Dottie,26
286,France,Vannes,Hoepker,14
287,France,Agen,Birchwood,26
288,Russia,Rassvet,Jackson,36
289,Japan,Kōchishi,Leroy,30
290,Czech Republic,Meziměstí,Monica,31
291,Czech Republic,Zabrušany,Glacier Hill,17
292,Japan,Tottori,Shoshone,25
293,Russia,Shalazhi,Maple Wood,9
294,Japan,Nahashi,Florence,18
295,Sweden,Hisings Kärra,Fieldstone,1
296,Russia,Shubenka,Sachtjen,23
297,France,Toulouse,Eggendart,38
298,Sweden,Stockholm,Meadow Vale,3
299,Brazil,Maceio,Calypso,10
300,Brazil,Soledade,Hoffman,30
301,United Kingdom,Merton,Granby,12
302,Russia,Tomsk,Florence,20
303,Brazil,Umuarama,Redwing,40
304,Japan,Ikoma,Fremont,28
305,Brazil,Garibaldi,Sachs,23
306,Ukraine,Askaniya Nova,Havey,37
307,Russia,Solikamsk,Pepper Wood,34
308,Sweden,Helsingborg,Saint Paul,21
309,Brazil,Humaitá,Artisan,12
310,Ukraine,Horodnya,Monterey,18
311,Russia,Lyskovo,Cambridge,17
312,United States,Dulles,Dovetail,20
313,Sweden,Skövde,Butterfield,40
314,Russia,Temyasovo,Mcguire,11
315,Sweden,Stockholm,Westerfield,27
316,Brazil,Itapecuru Mirim,Morningstar,29
317,Russia,Orlovskiy,Ohio,24
318,Russia,Kostomuksha,Clarendon,23
319,Slovenia,Mokronog,Utah,26
320,Sweden,Gävle,New Castle,26
321,Czech Republic,Kunvald,Golden Leaf,32
322,Ukraine,Medzhibozh,Dennis,26
323,Canada,Coquitlam,Cottonwood,37
324,France,Paris 11,Butternut,21
325,Czech Republic,Brušperk,Cambridge,6
326,Russia,Khasavyurt,Dakota,20
327,Norway,Oslo,Bunker Hill,20
328,Canada,Claresholm,Lien,23
329,Japan,Satsumasendai,Crowley,15
330,Russia,Khrebtovaya,Dixon,1
331,Russia,Zhiryatino,Old Shore,26
332,Brazil,Paranaíba,Sutherland,36
333,Russia,Udobnaya,Monterey,15
334,United States,Lincoln,Rowland,40
335,Russia,Novosemeykino,Spaight,19
336,Russia,Nesterov,Northview,3
337,Russia,Lyubertsy,Ronald Regan,19
338,United States,Durham,Amoth,26
339,Brazil,Itapemirim,Red Cloud,38
340,Russia,Mikhnëvo,Maple Wood,17
341,Ukraine,Hlyboka,Bobwhite,13
342,France,Tourcoing,Burning Wood,22
343,Japan,Suita,Luster,7
344,Russia,Kobrinskoye,Grover,25
345,France,CharentonlePont,Northridge,6
346,United States,Wichita,Dakota,7
347,Russia,Ufa,Pennsylvania,27
348,Russia,Ulyanovsk,Division,39
349,Brazil,Três de Maio,Lawn,40
350,France,Ajaccio,Dryden,30
351,Russia,Novoul’yanovsk,Pawling,9
352,Sweden,Örebro,Jana,4
353,Russia,Pskov,Old Gate,26
354,Russia,Lopandino,Lunder,21
355,Sweden,Ludvika,Fulton,9
356,France,Orléans,Burning Wood,30
357,Brazil,Bocaiúva,Dennis,9
358,United States,Brooklyn,Spaight,14
359,Brazil,Esplanada,Melrose,23
360,Sweden,Finspång,Carberry,21
361,Canada,Parksville,Northview,6
362,United States,Columbus,Service,39
363,Ukraine,Verbivka,Browning,31
364,Sweden,Stockholm,Westend,34
365,United States,Alexandria,Northland,37
366,Russia,Bograd,Delladonna,27
367,Russia,Chelyabinsk,Lakewood Gardens,9
368,Russia,Yelets,Crest Line,2
369,United Kingdom,Church End,Mariners Cove,38
370,Russia,Volzhsk,Larry,26
371,Japan,Nishiwaki,Esch,14
372,Russia,Donskoy,Evergreen,24
373,France,Vienne,Eliot,31
374,United States,Vancouver,Springview,37
375,Russia,Mendeleyevsk,Steensland,40
376,France,Paris 09,South,35
377,Ukraine,Kharkiv,Debs,20
378,Russia,Zelenchukskaya,Straubel,28
379,Canada,Richibucto,Armistice,7
380,Slovenia,Lipovci,Brown,27
381,France,Évreux,Lillian,14
382,France,MoretsurLoing,Reindahl,2
383,Japan,Yoshii,Ridgeview,3
384,United States,Baltimore,Clemons,22
385,France,Niort,Crest Line,1
386,United States,Providence,Troy,11
387,Japan,Hiji,Mendota,1
388,Sweden,Lidingö,Lawn,9
389,Ukraine,Vovchans’k,Spohn,37
390,Norway,Frei,Ridgeview,33
391,Russia,Muslyumovo,Sunbrook,38
392,Russia,Donskoy,Garrison,14
393,Ukraine,Chornukhyne,Main,13
394,Slovenia,Rakičan,Tony,9
395,Russia,Baraba,Prentice,9
396,France,Marseille,Blackbird,39
397,France,SaintLaurentduVar,Hudson,24
398,Russia,Kirs,Westend,22
399,Brazil,Mandaguari,Victoria,6
400,Ukraine,Apostolove,Susan,11
401,Sweden,Jönköping,Crest Line,9
402,Canada,Beaverlodge,Schurz,31
403,Russia,Popova,Karstens,29
404,Czech Republic,Petrovice u Karviné,Nevada,36
405,Czech Republic,Chrastava,Gina,23
406,Sweden,Deje,Old Shore,5
407,Russia,Oster,Starling,26
408,France,CergyPontoise,Artisan,14
409,Russia,Mochishche,Aberg,20
410,Sweden,Bandhagen,Independence,29
411,France,MarlyleRoi,Prairie Rose,7
412,Norway,Oslo,Maywood,8
413,Russia,Argayash,Hudson,19
414,Canada,Anmore,Old Gate,6
415,Sweden,Danderyd,Sutherland,24
416,Germany,Stuttgart,Rusk,36
417,Brazil,Eirunepé,Ludington,21
418,United States,Shreveport,Schlimgen,31
419,United States,Fullerton,Blue Bill Park,21
420,Czech Republic,Zbraslav,Goodland,14
421,Japan,Aso,4th,22
422,Russia,Listvyanskiy,Village Green,30
423,United States,Las Vegas,Mosinee,14
424,Ukraine,Komsomolsk,Manitowish,22
425,Russia,Unecha,Morrow,27
426,Italy,Milano,Farragut,33
427,Japan,Kuroiso,Summit,37
428,Ukraine,Fontanka,Upham,17
429,United States,Phoenix,Prentice,13
430,Sweden,Karlskoga,Cherokee,2
431,United States,Mesquite,Luster,36
432,United States,Saint Petersburg,7th,23
433,Sweden,Norberg,Cambridge,30
434,Sweden,SaltsjöBoo,Banding,33
435,Brazil,Castro,Valley Edge,7
436,Canada,SaintBruno,Spaight,22
437,Sweden,Mariestad,Logan,1
438,Brazil,Taquari,Dapin,1
439,Ukraine,Tukhlya,Rieder,13
440,United States,Maple Plain,Clarendon,22
441,Russia,Novogurovskiy,Texas,40
442,Russia,Tver,Stang,18
443,Japan,Ōkawara,Sachs,2
444,United States,Seattle,Glendale,35
445,Brazil,Abadiânia,Duke,9
446,France,Arcueil,Heffernan,1
447,Norway,Tønsberg,Kensington,18
448,United States,Denver,Village,39
449,Czech Republic,Chyňava,Walton,30
450,United States,West Palm Beach,Banding,24
451,Russia,Mamedkala,Annamark,22
452,Russia,Novaya Usman’,Morning,37
453,Japan,Sapporo,Bartelt,20
454,Czech Republic,Sezimovo Ústí,Porter,20
455,Brazil,Lago dos Rodrigues,Canary,2
456,Brazil,Afogados da Ingazeira,Sommers,2
457,Brazil,Taquara,8th,12
458,Brazil,Tremembé,Darwin,35
459,Japan,Owase,Myrtle,7
460,Japan,Funehikimachifunehiki,Coolidge,20
461,Russia,Nema,Rowland,30
462,Russia,Nagutskoye,Fisk,37
463,France,Nîmes,Mayfield,18
464,Norway,Hamar,Browning,39
465,Ukraine,Hubynykha,Bellgrove,1
466,Sweden,Ed,Carioca,28
467,France,ChambraylèsTours,Haas,11
468,Russia,Zavolzh’ye,Graceland,39
469,Brazil,Macatuba,Maryland,3
470,Brazil,Caldas Novas,Cardinal,38
471,Japan,Kisarazu,Doe Crossing,25
472,Norway,Tromsø,Morning,6
473,Russia,Spasskoye,Coolidge,36
474,Canada,Drummondville,Portage,5
475,France,Angers,Sheridan,38
476,Brazil,Juazeiro do Norte,Gateway,11
477,Canada,Whistler,Melrose,20
478,United States,Nashville,Cascade,39
479,Japan,Tomobe,Weeping Birch,33
480,Russia,Yefremov,2nd,22
481,Russia,Komsomol’skiy,Porter,14
482,United States,Colorado Springs,Logan,36
483,Brazil,Quaraí,Fremont,14
484,Russia,Naushki,Ridgeway,1
485,Canada,Normandin,Thackeray,4
486,United States,Birmingham,1st,16
487,United States,Birmingham,Sycamore,36
488,Russia,Kurba,Fulton,23
489,France,L'Aigle,Anderson,33
490,Italy,Roma,Butterfield,34
491,Brazil,Carolina,Calypso,18
492,Japan,Hita,Utah,22
493,United States,Oakland,Fulton,13
494,United States,Peoria,Fairview,7
495,United States,Charlottesville,Westport,30
496,Russia,Zherdevka,Haas,2
497,Germany,Dortmund,Ryan,39
498,Russia,Uinskoye,Victoria,24
499,Sweden,Torsås,Brown,33
500,United States,South Bend,Linden,16
501,France,Fresnes,Basil,10
502,Japan,Ise,Transport,2
503,Russia,Priyutovo,Springview,5
504,Sweden,Stockholm,Pine View,36
505,Sweden,Göteborg,Packers,27
506,Brazil,Lagoa do Itaenga,Lindbergh,35
507,Brazil,Concordia,Corry,4
508,Russia,Sovetskiy,Mcguire,14
509,Japan,Naka,Maryland,11
510,Russia,Shirokovskiy,Loomis,21
511,France,LonsleSaunier,Aberg,29
512,Brazil,Mafra,Scoville,5
513,France,Cavaillon,Bluestem,19
514,United States,Delray Beach,Dottie,25
515,Japan,Fujioka,Bashford,11
516,United States,Gainesville,Northview,25
517,Brazil,Araçoiaba da Serra,Hoffman,38
518,Russia,Khrebtovaya,Burning Wood,7
519,Sweden,Eksjö,Anniversary,17
520,Brazil,Codo,Nevada,12
521,Brazil,Itaqui,Kropf,37
522,Russia,Strizhi,Lyons,34
523,Brazil,Iturama,Roxbury,24
524,Russia,Shuvakish,Blue Bill Park,27
525,Russia,Nikolayevskaya,Ruskin,11
526,Russia,Pavlovka,Badeau,13
527,Canada,Gibsons,Arrowood,15
528,Ukraine,Ozerne,Barby,27
529,Sweden,Hässleholm,Brentwood,37
530,Brazil,Goiatuba,Katie,39
531,Russia,Mostovskoy,Sutherland,34
532,Canada,LacMégantic,Bluejay,34
533,Russia,Kobrinskoye,Lyons,40
534,Sweden,Grängesberg,Blue Bill Park,30
535,Russia,Shchukino,Spohn,25
536,Sweden,Katrineholm,Holmberg,28
537,Sweden,Kristianstad,Delladonna,19
538,Canada,Oliver,Clove,20
539,Czech Republic,Bystré,Prentice,30
540,France,Paris 02,Dexter,7
541,Brazil,Iporá,School,35
542,Russia,Monchegorsk,Petterle,27
543,Japan,Ōi,School,17
544,United States,Kingsport,Lakewood Gardens,25
545,Canada,Martensville,Westend,34
546,France,Paris 08,Lillian,38
547,Japan,Ōsakashi,Little Fleur,9
548,France,Pau,Almo,23
549,Brazil,Soure,Ronald Regan,9
550,Canada,Laval,Hagan,11
551,Brazil,Rio das Pedras,Fallview,27
552,Czech Republic,Luže,Fremont,15
553,Sweden,Västerås,Kim,18
554,Japan,Asaka,Heath,36
555,Russia,Pervomayskiy,Oak,29
556,Brazil,Abaeté,Rutledge,18
557,Ukraine,Zbarazh,4th,40
558,Japan,Kamaishi,Ludington,3
559,Czech Republic,Břeclav,Evergreen,16
560,Canada,CookshireEaton,Hoffman,2
561,Czech Republic,Psáry,Holmberg,4
562,Brazil,Patos de Minas,Northfield,13
563,Japan,Yonezawa,Sauthoff,39
564,Russia,Mayrtup,Hudson,7
565,France,Dijon,Elka,6
566,Russia,Semiletka,Lunder,27
567,France,Niort,Bay,16
568,Russia,Timiryazevskoye,Vera,15
569,Sweden,Mjölby,Sullivan,11
570,Brazil,Araxá,Delladonna,10
571,United States,Seattle,Spenser,19
572,France,LagnysurMarne,Jackson,32
573,Japan,Fuji,Butternut,32
574,Brazil,Aquiraz,Doe Crossing,38
575,Russia,Neya,Lakewood Gardens,8
576,France,MarnelaVallée,2nd,32
577,Brazil,Pedra Azul,Browning,12
578,Russia,Lefortovo,Melrose,40
579,United States,Tucson,Hollow Ridge,9
580,Sweden,Stockholm,Express,9
581,Brazil,Corumbá,Dennis,29
582,Brazil,Riachão do Jacuípe,Memorial,12
583,Canada,Mattawa,Reindahl,27
584,Brazil,Buerarema,Hayes,26
585,Russia,Leninogorsk,Macpherson,3
586,Russia,Lebedyan’,Sauthoff,28
587,Russia,Muchkapskiy,Buena Vista,6
588,Russia,Yug,Moland,8
589,Russia,Semikarakorsk,Riverside,29
590,Slovenia,Hrušica,Linden,36
591,Russia,Kamenka,Dunning,6
592,France,Nîmes,Hooker,10
593,France,SaintLaurentBlangy,Ridge Oak,24
594,France,Argentan,Mendota,10
595,Canada,ChâteauRicher,Lakeland,13
596,Brazil,Reserva,Vidon,13
597,Russia,Lukhovka,Homewood,20
598,Czech Republic,Valdice,Graceland,21
599,Japan,Tsurugiasahimachi,Eastlawn,28
600,Japan,Nakatsu,Graedel,23
601,Czech Republic,Osek nad Bečvou,Ridgeview,2
602,Brazil,Ubatã,Lakewood,29
603,Russia,Mariinsk,Coolidge,26
604,Japan,Komatsushimachō,Sugar,25
605,Russia,Inderka,Tennyson,7
606,Brazil,Maragogi,Prairie Rose,40
607,Brazil,São Bento,Jenifer,1
608,United States,Oklahoma City,Nevada,3
609,Norway,Sandnes,Karstens,13
610,United States,Santa Rosa,Elka,18
611,Russia,Alpatovo,Lien,4
612,Russia,Nauchnyy Gorodok,Bartillon,35
613,Brazil,Jardim,Tomscot,28
614,Brazil,Corumbá,Montana,40
615,Czech Republic,Strážná,Mosinee,12
616,Czech Republic,Rokytnice nad Jizerou,Prairieview,9
617,Brazil,Barra Mansa,Starling,37
618,Norway,Arendal,Hagan,33
619,Ukraine,Murovanoye,Green Ridge,17
620,Canada,Québec,Ridgeway,15
621,Japan,Futtsu,2nd,17
622,Canada,Kugluktuk,Dakota,3
623,Russia,Pallasovka,Eggendart,40
624,Canada,Weyburn,John Wall,7
625,Sweden,Göteborg,Northview,21
626,United States,Annapolis,Anderson,19
627,France,Paris 13,Hoepker,20
628,Russia,Pskov,Northland,28
629,Russia,Gaptsakh,Rigney,8
630,Russia,Prokop’yevsk,Sachtjen,9
631,Russia,Rayevskiy,Grover,31
632,Russia,Vyshneye Dolgoye,Coolidge,7
633,Russia,Tosno,Randy,39
634,Russia,Zhiletovo,Colorado,36
635,Czech Republic,Bánov,Fulton,15
636,Canada,Wolfville,Prairie Rose,35
637,Sweden,Saltsjöbaden,Mendota,4
638,Niger,Ayorou,Lawn,24
639,Sweden,Johanneshov,Kipling,6
640,Czech Republic,Blansko,Farmco,25
641,Sweden,Finspång,Walton,30
642,Canada,SainteThérèse,Troy,19
643,France,Limoges,Oak Valley,30
644,Sweden,Hisings Kärra,Fordem,25
645,Russia,Tatarka,Nancy,37
646,Ukraine,Chulakivka,Parkside,33
647,France,Paris La Défense,Riverside,29
648,Brazil,Arroio do Meio,Buhler,7
649,Japan,Ichihara,Sommers,10
650,Russia,Lobanovo,Schlimgen,2
651,Russia,Dauriya,Reindahl,18
652,Sweden,Brunflo,Red Cloud,2
653,France,Sélestat,Ludington,7
654,Russia,Severka,Donald,1
655,Sweden,Kristinehamn,Jenna,18
656,Japan,Kanoya,Coolidge,11
657,France,Deauville,Hoffman,32
658,Norway,Tromsø,Heffernan,22
659,Czech Republic,Všeruby,Everett,40
660,France,Nanterre,Ronald Regan,31
661,Sweden,Rimbo,Bunting,39
662,Japan,Sagara,Tennessee,8
663,United States,Newport Beach,Farwell,10
664,Russia,Leninsk,Thierer,2
665,France,Strasbourg,Sullivan,28
666,Ukraine,Kramators’k,Michigan,8
667,Canada,Marathon,Kropf,32
668,Russia,Silikatnyy,Sauthoff,25
669,Brazil,Santa Helena,Amoth,34
670,Russia,Berendeyevo,New Castle,3
671,France,La SeynesurMer,Texas,38
672,Brazil,São Carlos,Rigney,16
673,Japan,Zama,Armistice,17
674,Canada,Richmond,Boyd,16
675,Ukraine,Molodohvardiys’k,Westerfield,17
676,Russia,Zaplavnoye,Holmberg,17
677,France,SaintHerblain,Emmet,34
678,Russia,Segezha,Tennessee,16
679,Brazil,Viçosa do Ceará,Superior,24
680,Canada,Vulcan,Chinook,20
681,Japan,BungoTakadashi,Miller,25
682,United States,Washington,Holy Cross,5
683,Brazil,Pindorama,Chive,6
684,Russia,KoshAgach,Farwell,31
685,Norway,Stavanger,Sundown,14
686,Czech Republic,Vřesina,Hagan,31
687,Russia,Akademicheskoe,Marquette,32
688,France,Caen,Stephen,37
689,Sweden,Söderköping,Porter,33
690,France,CharentonlePont,Meadow Ridge,9
691,United States,Fort Wayne,Londonderry,25
692,Brazil,Jaguaquara,Killdeer,31
693,France,Le Mans,Hoepker,17
694,Canada,Donnacona,Eliot,26
695,Norway,Fyllingsdalen,Briar Crest,40
696,Canada,Winnipeg,Crescent Oaks,18
697,Russia,Pionerskiy,Eastwood,21
698,Canada,Delson,Gina,32
699,United States,Washington,Shasta,12
700,Russia,Smolenka,Badeau,9
701,Ukraine,Tymoshivka,Northfield,1
702,Brazil,Espumoso,Kennedy,21
703,France,CergyPontoise,6th,2
704,United States,Atlanta,Farmco,27
705,Brazil,Santa Cruz das Palmeiras,Crowley,19
706,Brazil,Dois Vizinhos,Amoth,9
707,Ukraine,Pidhaytsi,Roxbury,1
708,France,DignelesBains,Iowa,40
709,Russia,Malakhovka,Summit,24
710,Russia,Ovsyanka,Loeprich,27
711,Norway,Oslo,Corben,21
712,Sweden,Sundbyberg,Lakewood,13
713,United States,Lexington,Erie,15
714,Canada,NewRichmond,Rigney,21
715,Sweden,Partille,Rieder,26
716,Sweden,SaltsjöBoo,Vahlen,39
717,Russia,Gorodets,Erie,27
718,Sweden,Norrköping,Tennyson,4
719,Russia,Tekstil’shchiki,Hudson,35
720,Russia,Kirovskiy,Schiller,25
721,United States,Charlotte,Superior,31
722,France,SaintJeandeLuz,Erie,34
723,Brazil,Machado,Raven,16
724,Sweden,Falun,Mcbride,20
725,Russia,Sosnovka,Eastwood,4
726,Brazil,Soure,Vernon,30
727,Japan,Sakai,Merchant,9
728,Japan,Sagae,Shoshone,5
729,Russia,Tabuny,Dorton,16
730,Ukraine,Velykyy Burluk,Waubesa,26
731,France,Vesoul,Esch,6
732,France,Schirmeck,Kipling,28
733,United States,Beaverton,Old Shore,8
734,Canada,High River,Eastwood,1
735,Sweden,Vaggeryd,Blackbird,25
736,Czech Republic,Zásmuky,Sloan,21
737,Ukraine,Pnikut,Pond,12
738,Canada,Athabasca,Continental,1
739,Sweden,Spånga,Toban,38
740,Sweden,Emmaboda,Anhalt,2
741,Sweden,Haninge,West,8
742,Brazil,Barcarena,Rowland,5
743,Russia,Kalinovskoye,Old Gate,33
744,Japan,Hamamatsu,Novick,23
745,Sweden,Skellefteå,Toban,7
746,Brazil,Porteirinha,Gale,37
747,Brazil,Franco da Rocha,Crescent Oaks,9
748,Russia,Ovsyanka,Lien,15
749,Ukraine,Skole,Dahle,39
750,Russia,Davydovo,Randy,30
751,Brazil,Gravataí,Gulseth,19
752,Brazil,Araras,International,29
753,United States,Fort Wayne,Mockingbird,2
754,France,Paris 17,Kedzie,3
755,United States,Columbia,International,33
756,United States,Chicago,Rigney,11
757,Russia,Starobelokurikha,Morningstar,31
758,Ukraine,UraloKavkaz,Holmberg,35
759,Russia,Omsukchan,Nancy,36
760,Brazil,Ipameri,Charing Cross,39
761,Japan,Tomioka,Elgar,5
762,Russia,Tpig,Menomonie,27
763,Czech Republic,Staré Město,Swallow,11
764,Brazil,Jundiaí,Macpherson,18
765,Czech Republic,Ostrožská Lhota,Boyd,5
766,Ukraine,Holoby,Norway Maple,28
767,Sweden,Rönninge,Mayfield,36
768,Brazil,Dom Pedrito,Goodland,9
769,Russia,Kayakent,Loftsgordon,12
770,Russia,Golynki,Rusk,36
771,France,ChalonsurSaône,Katie,11
772,Russia,Bokhan,Jenna,21
773,Czech Republic,Ronov nad Doubravou,Grayhawk,21
774,Russia,Kemlya,Debra,19
775,Czech Republic,Francova Lhota,Hudson,30
776,Germany,Düsseldorf,Orin,24
777,Norway,Skien,Clemons,21
778,Japan,Jōetsu,Johnson,16
779,Brazil,Itapipoca,Heffernan,11
780,Japan,Kawanoechō,Namekagon,22
781,Russia,Pervoural’sk,Del Sol,18
782,Slovenia,Preserje pri Radomljah,Bonner,10
783,Sweden,Sölvesborg,Stephen,25
784,Sweden,Ystad,Johnson,40
785,Brazil,Biritiba Mirim,Straubel,39
786,Canada,South River,Nancy,8
787,Sweden,Strömsund,Scott,4
788,Slovenia,Preserje pri Radomljah,Norway Maple,34
789,Russia,Volgodonsk,David,32
790,Czech Republic,Postřelmov,Rockefeller,14
791,Czech Republic,Francova Lhota,Sutteridge,24
792,Russia,Kushnarënkovo,Valley Edge,8
793,Japan,Ōsakashi,Bluejay,2
794,France,Paris 15,Pennsylvania,29
795,France,Avon,Portage,32
796,France,Paris 01,4th,6
797,Japan,Furudate,Comanche,36
798,Brazil,Pombos,Monica,18
799,Canada,Lloydminster,Susan,6
800,France,Nancy,Ridge Oak,39
801,Ukraine,Lyubotyn,Gateway,27
802,Brazil,Corumbá,Hagan,18
803,Sweden,Kinna,Acker,7
804,Russia,Leninskiy,Sunfield,11
805,Brazil,São José de Ribamar,Pawling,14
806,Slovenia,Trbovlje,Tennyson,37
807,France,La RochesurYon,Daystar,29
808,Sweden,Uppsala,Corry,23
809,Sweden,Umeå,Starling,29
810,Russia,Bolgar,Kenwood,25
811,Russia,Timashëvsk,Manley,36
812,Sweden,Forshaga,Badeau,15
813,France,SaintQuentinenYvelines,Browning,34
814,France,Annecy,Bay,3
815,United States,Houston,Commercial,26
816,France,Tarbes,Roth,7
817,Germany,Nürnberg,Stone Corner,21
818,Ukraine,Rivne,Kings,24
819,Czech Republic,Horní Bříza,Bonner,23
820,Russia,Smolenskaya,Prairieview,32
821,Russia,Svetogorsk,4th,1
822,Canada,Vegreville,Corben,24
823,Japan,Matsubase,8th,1
824,Russia,Skhodnya,Garrison,40
825,France,Reims,Sundown,33
826,France,Tulle,Sutherland,32
827,Brazil,Nova Olímpia,Rieder,28
828,Canada,SaintBruno,Oak Valley,25
829,Russia,Konyshevka,Atwood,21
830,Sweden,Valbo,Crownhardt,2
831,United States,Las Vegas,Duke,17
832,Russia,Tigil’,Hovde,5
833,Ukraine,Dniprovka,Pleasure,5
834,Ukraine,Nova Praha,Kensington,16
835,Sweden,Eslöv,Melody,24
836,United States,Flushing,International,34
837,Ukraine,Oleksandrivka,Mcbride,12
838,Brazil,Senador Canedo,Charing Cross,1
839,Russia,Zhireken,Bultman,35
840,Russia,Krasnyye Chetai,Algoma,6
841,Ukraine,Zakupne,Gina,29
842,Russia,Talovyy,Fairview,24
843,Russia,Dachnoye,Swallow,13
844,Russia,Pechersk,Sheridan,32
845,Sweden,Piteå,Annamark,12
846,Russia,Sudzha,Golden Leaf,26
847,United States,Louisville,Fisk,3
848,Brazil,Barra do Garças,Lighthouse Bay,13
849,Brazil,Nova Friburgo,Leroy,13
850,Russia,Mozdok,Macpherson,5
851,Czech Republic,Předměřice nad Labem,Truax,31
852,Japan,Tatsunochōtominaga,Victoria,27
853,Brazil,São Paulo de Olivença,Continental,39
854,Russia,Kurortnyy,Esker,10
855,United States,Philadelphia,Prairieview,21
856,Germany,Essen,Algoma,28
857,Brazil,Brumado,Del Sol,1
858,Brazil,Guaçuí,Canary,4
859,France,DignelesBains,Westridge,22
860,Japan,Nonoichi,Haas,9
861,Czech Republic,Dolní Studénky,Vahlen,39
862,Russia,Mezhevoy,Warrior,35
863,France,La Rochelle,Kipling,35
864,Japan,Sakata,Crescent Oaks,14
865,Czech Republic,Rychvald,Continental,32
866,Brazil,Itaboraí,Bluestem,21
867,Russia,Aleysk,Stephen,33
868,United States,Sacramento,Springview,25
869,Russia,Pristen’,Montana,23
870,Japan,Sakainakajima,Crowley,30
871,Brazil,Lagoa Vermelha,Village,8
872,France,Poitiers,Northview,17
873,United States,Dallas,Bay,14
874,Czech Republic,Bystré,Thompson,17
875,Slovenia,Rakičan,Packers,21
876,France,Annecy,Springview,38
877,Japan,Namie,Badeau,6
878,Japan,Hannō,Loftsgordon,21
879,Ukraine,Rozhniv,Tony,25
880,Sweden,Stockholm,Mallard,33
881,Sweden,Göteborg,Mcbride,21
882,Japan,Tōkamachi,Vera,2
883,Sweden,Vårby,Schmedeman,15
884,Brazil,Itaperuna,Pine View,9
885,Japan,Mitsukaidō,Hansons,17
886,Ukraine,Ozerne,Dovetail,25
887,France,Vittel,Hollow Ridge,4
888,Canada,Magog,Sunbrook,12
889,Russia,Ushumun,Mendota,17
890,Sweden,Stockholm,Melrose,9
891,United States,New York City,Porter,32
892,Japan,Menuma,Bluejay,9
893,Sweden,Stockholm,Golf View,39
894,France,Brest,Killdeer,13
895,Japan,Chino,Caliangt,12
896,Brazil,Coroatá,Nobel,1
897,Russia,Vostochnyy,Buell,26
898,Russia,Yaroslavskiy,High Crossing,27
899,France,CharentonlePont,Anderson,12
900,France,Le Mans,Northland,22
901,Slovenia,Turnišče,Cascade,27
902,United States,Little Rock,East,24
903,Sweden,Charlottenberg,Duke,25
904,Japan,Gujō,Bunting,34
905,Sweden,Karlstad,Doe Crossing,8
906,Brazil,Limeira,Steensland,31
907,Brazil,Campina Grande,Karstens,9
908,Sweden,Vällingby,Mifflin,19
909,Ukraine,Kobelyaky,Elka,5
910,Japan,Ishiki,Morrow,12
911,Slovenia,Ruše,Messerschmidt,1
912,Russia,Vichuga,Longview,36
913,Germany,Berlin,Burning Wood,14
914,Sweden,Lidingö,Bobwhite,19
915,Canada,Timmins,Basil,9
916,Ukraine,Pervomays’ke,Glendale,10
917,Russia,Olonets,Merrick,31
918,United States,Springfield,Mariners Cove,29
919,Canada,Espanola,6th,25
920,Brazil,Porto Velho,Stang,14
921,France,La RochesurYon,Mandrake,32
922,Russia,VerkhUsugli,Sauthoff,7
923,Russia,Staraya Stanitsa,Boyd,16
924,Brazil,Porto União,Sunfield,7
925,Russia,Volzhsk,Moose,29
926,Ukraine,Sofiyivka,Karstens,39
927,Russia,Troitskoye,Tennessee,26
928,Russia,Kommunar,Lukken,30
929,Brazil,Tomé Açu,Londonderry,19
930,United States,Oklahoma City,7th,17
931,Sweden,Sollebrunn,8th,14
932,Russia,Slobodka,Hauk,32
933,Sweden,Lidingö,Clyde Gallagher,37
934,United States,San Bernardino,Straubel,20
935,Russia,Kantemirovka,Cardinal,22
936,Russia,Novozavedennoye,Annamark,39
937,United States,Boston,Paget,24
938,United States,Aurora,Coolidge,15
939,Sweden,Kåge,Garrison,4
940,Russia,Khrebtovaya,Waubesa,26
941,Czech Republic,Loučovice,Paget,21
942,Russia,Rasskazovo,Southridge,27
943,Czech Republic,Orlová,Parkside,34
944,Sweden,Burträsk,Merchant,13
945,Ukraine,Lyuboml’,American,2
946,France,Paris 07,Walton,1
947,Russia,Vrangel’,Aberg,20
948,United Kingdom,London,Old Gate,12
949,Slovenia,Škofljica,Ramsey,19
950,France,Paris 13,Little Fleur,24
951,France,Paris 11,Caliangt,39
952,Sweden,Järfälla,Warner,26
953,France,Nanterre,Dwight,31
954,Russia,Yubileyny,Dwight,7
955,United States,Erie,Roth,19
956,Czech Republic,Kout na Šumavě,Rutledge,26
957,France,Paris 12,Dunning,9
958,Norway,Oslo,Forster,30
959,Ukraine,Strabychovo,Rockefeller,2
960,Brazil,São Paulo,John Wall,15
961,Czech Republic,Nové Město pod Smrkem,Talisman,40
962,France,Longjumeau,Tennessee,19
963,France,Quimper,Shoshone,2
964,Brazil,Nossa Senhora do Socorro,Claremont,30
965,Brazil,Ariquemes,East,28
966,Sweden,Landskrona,Memorial,6
967,Ukraine,Tlumach,Ludington,1
968,Russia,Novaya Usman’,Annamark,2
969,Russia,Muromtsevo,Dakota,26
970,Canada,Claresholm,Lien,9
971,Russia,Burtunay,Morning,6
972,Russia,Nevel’,Eastlawn,12
973,Norway,Oslo,Almo,4
974,Germany,Berlin,Muir,11
975,France,Perpignan,Sherman,12
976,Brazil,Jaguarão,Barnett,1
977,Canada,SaintTite,Tomscot,16
978,Brazil,Passo Fundo,Hagan,12
979,Russia,Pervomayskaya,Buena Vista,20
980,Brazil,São Miguel do Iguaçu,Cherokee,8
981,Slovenia,Bistrica ob Sotli,Reindahl,12
982,Japan,Itako,Evergreen,23
983,Russia,Okhansk,Schlimgen,14
984,Russia,Pereslavl’Zalesskiy,Judy,17
985,Russia,Krasnorechenskiy,Badeau,40
986,France,Grenoble,Tony,10
987,Brazil,Maracás,Debra,6
988,Brazil,Balneário Camboriú,Crownhardt,22
989,United States,Huntsville,Mendota,10
990,United States,Oklahoma City,Sage,37
991,Germany,München,Katie,33
992,France,MarnelaVallée,Hanover,36
993,Czech Republic,Hrádek,Division,3
994,France,Strasbourg,Meadow Valley,29
995,Canada,Pictou,Eggendart,23
996,Czech Republic,Petřvald,Monterey,32
997,Brazil,Ariquemes,Cambridge,31
998,Ukraine,Petrikov,8th,3
999,Brazil,Alagoa Grande,Pankratz,39
1000,Russia,Sechenovo,Lakeland,31